aclark:aclark
dataflake:dataflake
dbain:pigeonflight
dnouri:dnouri
dukebody:dukebody
frapell:frapell
garbas:garbas
macagua:macagua
rohnsha0:rohnsha0
Steve Piercy:stevepiercy
tschorr:tschorr
