kitconcept:kitconcept,@kitconcept
redturtle:redturtle,@redturtle,redturtle-it
codesyntax:codesyntax,@codesyntax
eeacms:eeacms,@eeacms
rohberg:rohberg,@rohberg
plone:plone,@plone
plone-collective:plone-collective,@plone-collective
plonegovbr:plonegovbr,@plonegovbr
myriadicity:myriadicity,@myriadicity
portalbrasil:portalbrasil,@portalbrasil
mbarde:mbarde,@mbarde
rondon-open:rondon-open,@rondon-open
sphnl:sphnl,@sphnl
starzel:starzel,@starzel